"","mz","rt","GD_012_matrix_RPP_RRHD_B1.mzML","GD_014_matrix_RPP_RRHD_B1.mzML","GD_015_matrix_RPP_RRHD_B1.mzML","GD_017_matrix_RPP_RRHD_B1.mzML","GD_019_matrix_RPP_RRHD_B1.mzML","GD_010_NIST_RPP_RRHD_B1.mzML","GD_011_NIST_RPP_RRHD_B1.mzML","GD_013_NIST_RPP_RRHD_B1.mzML","GD_016_NIST_RPP_RRHD_B1.mzML","GD_018_NIST_RPP_RRHD_B1.mzML"
"group","mz","rt","matrix","matrix","matrix","matrix","matrix","nist","nist","nist","nist","nist"
"M106.0841T37.8","106.084085977184","37.757999420166","0","0","635.16533274555","360.489552057028","211.328338068968","57422.3714969427","64534.4465671409","56098.1661876088","60115.728023343","52813.084587532"
"M146.0599T208.8","146.059918367812","208.82800000002","0","146.47601309123","269.485294871777","686.903302223515","311.390598495724","30007.0327193732","28549.7301613249","23469.0596425667","24866.4721316887","25917.9115879836"
"M154.0479T32.9","154.04785835392","32.9040031433105","438.828590972786","133.51364133041","148.389933349921","144.832201992955","0","124472.847185916","120054.439359369","135984.122230279","126263.648018742","127648.13601765"
"M156.1381T184.6","156.138134917561","184.561569213867","4650.68899650415","4558.07002248566","5587.66421035566","5159.94264662762","5359.80568219885","18553.5756706947","17660.9687843536","20263.9502091943","21427.1456961818","19604.7005161564"
"M192.1051T74.8","192.105130176937","74.76100000002","2806.82086853776","5959.54666189251","5530.99265456248","4096.51046163635","5301.59155659328","58217.9566000592","53369.4860123606","66141.2391179809","78595.4914218445","64913.4134455078"
"M198.1275T563.1","198.127461227125","563.09299999998","2540.62678325221","2758.39066566387","2930.89515063754","3199.76093376721","1215.69069758306","350265.147002548","353366.519519769","365692.301282155","350503.954479368","332988.495401711"
"M210.0502T36.5","210.050163018987","36.54400000002","0","0","0","184.896026917519","0","240503.526265194","231018.84216991","231729.415122141","231870.368563934","229526.322766197"
"M211.0577T49.9","211.057687378044","49.8899955749512","0","0","143.513158111697","203.708116299822","0","52085.0227615356","52254.8309334716","47530.960617865","48910.4495263916","46385.3434769821"
"M211.1438T170.6","211.143816741046","170.607040405273","205.308878048877","0","0","154.449314916924","0","80780.4124525662","85036.5452799887","79800.8409865608","83303.8992876587","83577.3586014426"
"M218.9699T50.5","218.969936422977","50.4969940185547","0","0","0","0","0","61514.732727833","60318.9479957678","58880.6078496932","58799.4088637008","56092.134488463"
"M220.0771T36.5","220.077103265451","36.54400000002","0","0","0","0","0","85430.5287487758","95496.5390143087","84702.3273062712","84528.3611331266","93613.3135083681"
"M222.8788T32.9","222.878781850277","32.9049987792969","0","0","0","0","0","69811.6142212862","67925.0647350245","66560.0144443931","66311.2886446721","66052.5134131488"
"M228.063T192.4","228.062994807419","192.447067260742","0","0","0","0","0","16521.7668902868","16080.6309487675","13736.9302217174","18006.3530443638","15488.4210886993"
"M239.1638T464.2","239.163849266959","464.213653564453","2250.25919899744","1416.783226011","2315.90382154077","1306.04801772887","1089.55285920257","153564.146642945","146652.737232568","152131.516158584","145761.525084733","158989.013814584"
"M242.0599T85.7","242.059887160971","85.68","0","0","0","0","0","93674.2692431118","124781.496765548","85779.945854426","135125.142634084","124414.686562461"
"M245.1356T94.2","245.135644699427","94.1730194091797","378.095550793942","1101.97188056151","1276.5098060497","1295.92734994766","926.329041506186","39761.1845108769","40534.3413686031","41079.188076939","43883.6258914775","50691.1799685996"
"M246.6239T493.9","246.623884718992","493.938018798828","0","0","0","0","0","87219.036024925","88877.8653172776","89138.5305334995","83608.035984338","81896.0766410121"
"M254.1746T307.1","254.174614249032","307.100036621094","5657.73025868903","4267.69481783888","2282.3216248507","2720.53580759725","2153.66059296197","42269.2394267081","45610.5217142025","46127.8405249814","51297.4973573648","55318.7563461156"
"M260.6395T537.6","260.639546761824","537.615","0","0","0","0","0","128358.614451237","122501.125504546","124895.84571411","128020.494942472","123030.125940926"
"M261.6179T442.4","261.617921586994","442.37599999998","0","0","0","0","0","96924.7256263514","91869.67974366","93241.7946946894","92913.1060540708","88817.9466347612"
"M263.0888T337.4","263.088789870699","337.430969238281","0","0","0","0","0","281522.080892879","269487.683009742","238021.177013462","264916.13011106","251873.42168994"
"M265.0832T346.5","265.083189041646","346.529998779297","35484.4948707563","31852.4564198589","35200.2172919192","23372.6882882546","26404.9029591042","130926.372713806","117203.267249383","120281.169071265","126026.9298629","123914.722762354"
"M267.0425T72.9","267.042461023092","72.94099999998","0","0","0","0","0","320947.609099625","335779.821197846","352822.203016205","335883.634257317","330326.703273523"
"M268.1545T314.4","268.154493369777","314.378997802734","22853.2714801749","24823.6291540908","20718.4083004882","23239.8397296414","29047.5307004592","78590.8939433991","79299.9035515481","75611.6599669187","81388.2631994867","82025.5309429931"
"M273.6657T517","273.665675868967","516.99","0","0","0","0","149.387950514776","124646.146206039","174265.900727746","129898.088100484","131121.922164096","105133.251323729"
"M274.6553T509.1","274.655297939786","509.104064941406","0","135.037184527657","0","143.828711223092","0","263986.81512612","268644.0538774","273119.256819706","262981.55544167","262454.194584341"
"M283.2417T251.3","283.241722575452","251.289901733398","0","0","0","0","0","104955.777354285","105039.471802182","120533.337106398","111560.554317135","108676.984665288"
"M283.9669T108.7","283.966927690896","108.731971740723","0","0","0","0","0","47590.7084223816","49644.3367236665","46730.9597734314","47209.3730361035","46301.2269599042"
"M286.6258T451.5","286.625838622003","451.47499999998","0","143.232377171516","0","0","0","164140.874832378","161103.974613863","148248.189771316","155798.92092206","153566.137511309"
"M288.1354T472.7","288.135387458713","472.707","185.62910990448","336.409809112549","0","559.338864735711","270.602473988253","784649.180092458","780543.178654672","742323.258495705","752084.524473302","759248.276962144"
"M289.6494T531.5","289.649358495238","531.549011230469","471.961883228611","822.847573554447","261.415640825276","510.578564174473","816.916716639799","1055959.48869571","1060552.53425578","1055358.71522422","1044482.54881297","1053976.27656683"
"M291.0313T285.3","291.031318517448","285.26200000002","158.746337059792","248.446223258215","0","0","687.016551115197","120553.698620752","121899.070354015","111666.092826093","116400.395099514","119061.846456043"
"M291.0903T421.1","291.09033850275","421.144006225596","0","1017.53874105122","0","0","0","130744.115524421","123200.287019828","144545.012147128","122560.84482021","116667.527179843"
"M294.1551T35.9","294.155073444931","35.9379997253418","224.231778589042","0","150.335087106687","0","0","892237.980978341","899283.34045663","975996.636752132","965297.912437894","954514.776226745"
"M297.1677T285.3","297.167729944393","285.261291503906","3298.67912069582","2080.14688455746","2165.57089615454","3895.39852648255","3596.12634257001","115498.830992133","94307.1226301185","113672.289889694","130439.437687486","106589.407721529"
"M309.0214T108.7","309.021381859235","108.731971740723","0","0","0","0","0","132179.512847168","126132.272560649","112018.103423369","132054.625568583","125235.928204789"
"M309.1514T561.3","309.151446803846","561.273681640625","805.877218801852","2095.01019235393","1248.2445232","1103.36250706098","0","127372.652313995","126504.217140474","114910.241671428","120215.58121366","118341.556109819"
"M312.1591T388.4","312.159131323278","388.386657714844","3566.42611230695","2550.65981480839","678.831278396615","1771.25189070787","1922.56862366766","273222.224647635","265819.727234096","268960.734940318","273541.980832556","260478.088714486"
"M313.2368T413.9","313.236816274252","413.863983154297","4691.30976989241","2659.13386308205","5402.87346091769","6156.80758261702","4870.20849295508","99093.7020953158","101649.138495837","95724.7508626919","156718.187576861","99405.0898243958"
"M316.1543T216.7","316.154269408902","216.714126586914","0","0","0","184.858939504309","0","16642.4675480957","17191.0391860902","14629.6482614322","13395.0904871644","15264.2559662814"
"M318.134T286.5","318.134047520235","286.471343994141","200.703246278067","0","0","134.851184545706","0","18681.8343481181","16733.2805242984","17329.1130929721","15177.0989956776","16470.2149378669"
"M321.239T514","321.239043528283","513.95696875002","46209.9603267608","51296.7025658037","40426.6097728889","46991.7199162167","38873.4647661248","216149.395746889","259130.264460238","238851.527033859","257423.087233885","239137.095618767"
"M325.967T36.5","325.966974293109","36.54400000002","170.902429155153","294.477414878463","0","0","0","23581.5783711423","22327.8150013205","21488.3959604781","21190.3267346056","21263.9546201256"
"M328.2304T381.1","328.230350130954","381.10699999998","0","522.877493067272","0","0","0","61608.8172128623","61188.4850467294","56366.8882579467","64773.3002702713","66636.5632621361"
"M331.0922T113.6","331.092156137759","113.584846496582","0","156.055006794113","0","0","0","23614.9500605438","23087.0848054819","23673.7159144038","23760.0282489258","25067.2367448029"
"M331.2477T384.1","331.247688470403","384.140472412109","363.858166619289","411.307394194709","0","267.110210869579","0","72542.97544075","74860.7808865374","72344.1464255544","73202.4500662828","73108.4465216752"
"M332.2616T426.6","332.261602248566","426.6025390625","0","0","128.869302713117","0","0","124988.385348171","120515.032666299","115092.020583868","120433.762644642","117226.084532855"
"M336.0527T336.8","336.052703968118","336.824096679688","0","0","864.799860044679","237.913784948813","0","150116.985967968","125853.947638654","117227.117942337","119730.56944141","105595.050035412"
"M336.2209T594.6","336.220908732248","594.638610839844","37414.9889113517","31469.8783224936","34416.9619276099","34182.4917927218","36546.3321710441","289913.343199586","293344.111549021","320260.164925325","296715.642203205","294338.807236266"
"M338.1663T51.7","338.166285722058","51.7100067138672","0","0","0","0","0","39256.9837232781","39641.4344789319","41784.1694306209","63463.2482524954","48145.2363673021"
"M339.2501T447.2","339.250050969998","447.22900000002","3246.84450851843","6882.53139120443","4438.81713967877","1742.87134215874","5354.02606809033","57585.6427939369","54485.1693073296","57027.7113917362","48769.0547835938","53398.8925080345"
"M343.1879T512.7","343.187925523648","512.743957519531","0","0","0","0","0","269548.903918581","272763.194309729","273089.712523861","276557.167861696","264521.807761278"
"M345.1483T85.7","345.148328670626","85.6798248291016","0","0","0","0","0","75841.2118768326","72880.0238681445","44259.9493120422","54391.2624532458","52249.6640490569"
"M347.0873T179.1","347.087259930935","179.103790283203","0","0","0","0","0","29434.9414657646","32036.3220171612","30620.8220596976","29907.1373530217","29751.6320207336"
"M349.183T62","349.18304689978","62.022","18220.4177446501","21868.7889783133","20078.3217156372","26499.0611410922","26151.4651489667","121964.553131874","123905.08321355","110261.296674386","115362.469778144","113656.666403682"
"M350.1778T561.3","350.177803419674","561.273803710938","91553.9815005251","109752.847426724","93517.9597904828","98090.3565489697","64788.3886041552","1184100.21294585","1157590.33213843","926864.294742991","951045.554123761","918990.382880865"
"M351.2504T518.8","351.250433815327","518.809936523438","4824.6483946573","2450.6830927456","2451.20149061591","2568.52086397546","1073.33124286887","107910.621400912","106437.594258435","97194.8243937749","100036.469047193","106118.722594195"
"M353.2296T356.8","353.229606335576","356.842987060547","1056.35306962519","2214.1172071706","465.273109126512","812.495790612143","2848.15164927313","187223.62829276","210601.786880574","195165.839292863","207646.159549087","215639.793185053"
"M355.13T247.7","355.129973841581","247.651000976562","333.30452104567","519.981901184988","513.504458501358","144.927377433716","168.26457852409","300835.85770493","308312.830143458","307156.065783869","308384.944279528","314417.238273809"
"M356.2616T416.3","356.261615693387","416.29099999998","202.982894286513","0","0","0","329.526299637277","97414.9092553717","97280.2884647903","98767.4159262909","94444.1590476975","88398.4752189129"
"M360.274T329.5","360.274005719616","329.545013427734","406.029485194521","339.966343861835","659.150265534777","492.973031384134","936.398795513566","87101.9598603026","83516.8165329901","78276.0518784337","80549.2049879907","79948.8731740988"
"M361.1223T335.6","361.12234342248","335.610980957041","226.909817356383","496.682362550103","416.435394728556","128.069031667649","200.357052793617","114010.846509849","112431.27753457","135835.058039463","107793.963714973","101420.053771433"
"M362.2365T605.6","362.236526485875","605.557861328125","9967.45050697581","8705.59428335611","7118.78738341148","16376.6339975129","13134.1529762706","392956.06952566","399985.204864995","414516.61036779","401037.46889469","390350.260508981"
"M363.1626T62","363.162551791488","62.0219672546387","420.943017839711","2445.82709701056","1316.81778111674","3568.80451587504","4243.98042856547","26210.5852375993","29513.6271526672","22768.9666368312","25804.6049334506","29471.0277115078"
"M364.084T395.1","364.083981787222","395.059417724609","259.487523655733","0","0","0","0","148812.199144177","144145.273365582","137675.96437365","136940.615418225","136754.768173355"
"M364.2983T333.8","364.298292221157","333.790924072266","883.263341624452","2102.04564686729","2634.63972198719","3358.99476463077","5634.13041476245","22838.0814376371","31297.4275442884","27647.2592499849","25470.745145963","29465.6728522147"
"M366.2638T333.8","366.263806725982","333.790924072266","0","137.296369214468","0","142.983506752022","296.700084174238","67863.0077435631","69917.1244595724","66403.3110765254","65578.4659309572","67086.6481421975"
"M370.2575T656.5","370.257549343629","656.514","215.02000627021","300.785482225815","0","302.679144024849","0","1074972.06168509","1085145.09732245","1102161.33318117","1067074.42979815","1041362.3637533"
"M372.3108T536.4","372.310811344465","536.401916503906","1045.55274090836","260.790929097358","162.807093599992","177.144162925363","156.132992768969","63151.6950310057","65285.6745858949","68521.091753044","61719.15669939","65414.4555444144"
"M373.2112T576.4","373.211187166179","576.439543457021","387.66490667456","0","0","0","0","33813.4504658117","36992.8354215084","26637.5296858888","29701.6797531547","28543.097387109"
"M375.1587T214.3","375.15871775623","214.287124633789","0","0","0","137.01115368458","0","98914.7385785334","98297.7699566162","98247.1452176513","90663.1694611863","94603.7914035044"
"M378.2401T431.5","378.240128246359","431.456024169922","1774.32230700599","2301.68486844517","529.879022447742","2040.96246974318","1470.76888599208","145665.06039356","164151.389437674","151208.193464767","151220.574225665","150455.52435069"
"M380.2099T605.6","380.209861227977","605.557830810547","70075.7476641569","80895.3682560591","84317.1002934931","82615.8446484439","124329.934153169","1933694.50607073","1929125.07483484","1929639.96574949","1918421.80244453","1903880.76599171"
"M380.2559T463","380.255913757801","463.000549316406","14990.3511404088","16148.4927818861","4255.89323959411","21516.4242294074","19364.620685856","353460.923614","417353.264888609","390982.460877181","381526.569930153","385676.999487867"
"M382.2063T605.6","382.20625200259","605.557830810547","31657.9679812394","39035.2245445989","30635.9517063035","26354.4611256117","52991.3748368805","810906.905493663","811449.275040678","804785.201189761","796234.001278244","797644.178450031"
"M384.2741T329.5","384.274062539616","329.545135498047","475.747359958244","157.929471313313","149.684048696732","226.799557170746","484.130940853364","56036.616342208","58202.718224245","53331.3475811335","56780.0251209035","54902.666528853"
"M385.2531T561.9","385.253139859954","561.879760742188","37940.3615057598","52608.7105570746","42294.2683852047","49279.4296144414","23857.4058094807","581372.126298848","576463.473325101","503746.659168686","488267.980346421","479249.442486712"
"M388.1533T67.5","388.153292335448","67.4819030761719","0","0","0","0","0","36513.0966807861","38722.0987418335","37700.3736601867","38644.8682569767","34581.7537451401"
"M392.2794T357.4","392.27940884393","357.448760986328","0","0","209.965951123722","283.193486993023","0","44457.696204184","42201.7445083355","44112.765039133","42992.9928470853","42802.9159509355"
"M397.3098T438.1","397.309786392571","438.129","0","0","0","0","188.752476392873","87229.7021848614","97580.5408539513","81494.1465576266","85055.7700119819","94330.0048130016"
"M401.2662T537.6","401.266195175766","537.614868164062","1004.28355487629","1834.57227908772","997.22956732859","1045.35416384109","1035.4604690222","110497.050624988","108773.82178347","115611.777869835","109843.997550366","108784.023460909"
"M401.3408T590.4","401.340787681743","590.393188476562","438.981383870797","169.227754827981","257.933166058342","129.107786531188","425.592014957406","157711.609807492","150566.055806164","153165.954535083","143312.769309266","148847.572355546"
"M409.2039T536.4","409.203854498441","536.401916503906","553.7902639137","585.477647158799","1294.53680536035","0","1177.17624487281","119643.507573571","119573.097912344","115288.082050868","119007.099215286","113486.585867163"
"M412.3055T369.6","412.305518230219","369.579193115234","581.18990242284","447.429362727111","145.658930302556","0","223.621533091751","68123.0800652444","66503.1689738121","64073.0517282626","64764.758831733","62416.2622645946"
"M414.3213T478.2","414.321289007856","478.166015625","515.478058598861","197.162420590073","0","0","894.700576439927","106446.486427747","103862.198797662","107182.325354817","104083.507278855","102555.219520966"
"M416.1911T233.1","416.191080289793","233.09299999998","149.347739771729","198.696853892494","300.966878991659","145.560988968985","0","34233.1643308228","31855.1898570749","23632.9258544893","35230.8115814683","33617.3790564458"
"M421.1465T232.5","421.146466341243","232.48600000002","0","0","0","0","374.827653284024","31645.0103163574","32061.2597738771","26899.7258184684","29483.1151594154","30900.7021939453"
"M421.3269T594.2","421.32691246288","594.215118408203","135806.297400375","95427.0583938003","101707.745144107","95306.1292445066","86053.2764882397","482686.871396797","507521.975150646","538687.780631512","521173.798847708","411425.204200246"
"M422.9371T47.5","422.937057625541","47.463","0","0","147.843178248866","201.149139918992","0","16315.8527589414","16699.2971992242","13755.8715424423","14555.9887779091","15327.7208851888"
"M423.3435T592.8","423.343540050495","592.818603515625","2934.2089924899","1369.62450183245","1192.93214311195","1083.56900155523","1141.54639337661","192539.423858204","191904.956207675","197597.151011892","187408.655998462","253123.169624627"
"M427.1603T345.9","427.160295832981","345.923980712891","415.189734766514","0","441.29823049414","425.422242535212","138.120008743834","28114.4495730822","27163.3720670229","25037.6350179215","23647.3187638245","22061.455177059"
"M427.272T558.2","427.271955357871","558.239440917969","593.060477375984","496.584730876817","0","815.550491660833","375.673450648785","21403.9196853875","31073.0600449152","25692.6048225908","21285.7976570918","26193.0606852215"
"M429.1246T47.5","429.12457646058","47.463","0","0","0","0","0","27735.202570427","24624.9723710622","28143.3517079611","26401.7406805191","25616.3542662537"
"M437.3597T608.6","437.359665345885","608.592041015625","146.275008947528","236.336430184858","1082.94748327258","0","0","219982.88948408","215099.172901179","226175.772408508","222556.19146586","214656.331761914"
"M439.237T536.4","439.237008894304","536.401916503906","0","346.391523506865","399.400146646053","577.102162450959","0","62606.3239651932","62766.4324944341","68416.2220540104","66070.3922667839","63404.6245400521"
"M441.2823T518.2","441.282329955044","518.202941894531","753.358352942569","2233.10350484977","1093.54974606963","941.290398177563","448.842636855572","112251.456465363","107539.526414568","111520.67307139","109291.009975467","108451.944199143"
"M447.3431T605","447.34307262488","604.951921630849","3262.41105625536","0","6235.0570983046","3603.92433680325","27446.0584732912","641247.397772364","671464.013435973","674785.436652245","677897.996693262","694663.129231347"
"M451.3759T625.6","451.375902891359","625.57699999998","707.639722114427","0","524.232252381534","773.03162264305","575.349170383743","186029.26813332","134824.187794529","143574.775969291","159377.840030237","188520.379397904"
"M452.277T461.8","452.276959140911","461.787261962891","0","341.543372455868","0","0","0","184239.382811613","179652.131903956","178975.42381345","181764.144308322","184556.243972901"
"M452.373T464.2","452.373031568631","464.214019775391","763.747595857342","391.360683778894","0","730.874204175102","0","63700.5125266771","63384.2945903592","59354.4403514138","62482.4270089679","59430.4529419206"
"M454.3274T460.6","454.327403999257","460.574005126953","0","330.602772535956","238.429589607487","179.804545460346","495.614564374376","17207.1002214294","15313.6731009928","16367.6871545105","15961.6030616111","14488.4121982796"
"M454.3888T486.1","454.388791721204","486.052001953125","0","425.867489288561","0","0","0","32521.7524138857","31878.2643682414","31564.6132814363","30713.6422525088","29596.4634704591"
"M458.3472T362.3","458.347201324763","362.30200000002","0","188.25328455423","146.891858619754","0","441.169498911748","107988.65417689","105961.455267594","104954.608843643","105818.274388033","97888.9893834831"
"M458.8018T535.2","458.801766319807","535.188","349.881713011019","0","0","0","158.223852297136","98253.7518438116","95090.7996132582","97429.9403408282","93032.4603507901","93093.9004059835"
"M460.2796T515.2","460.279643840461","515.170013427734","0","0","673.759409206782","0","0","40078.5648786332","38404.8364018544","36362.7363606206","39192.5648736233","38446.1261442522"
"M461.3236T549.7","461.323610414314","549.747","117.154484332938","428.20338812671","630.263450317637","155.994710494099","0","151811.37999302","150908.755849838","158552.669215758","153460.47280148","149019.170042442"
"M464.1946T258","464.194627317713","257.96398437498","207.875683194026","0","0","0","0","203658.30207499","188128.390683383","180969.888494114","183031.845880958","181619.714873992"
"M464.3139T525.5","464.31393216584","525.483032226562","0","421.210218213809","0","0","0","126649.860625102","123191.485160873","120250.633219559","139318.596463595","111889.559612023"
"M467.1525T342.3","467.152533508919","342.284057617188","1414.25280633445","370.886132821184","499.833478284935","634.636094555516","1019.45217855891","52577.2725963592","49728.1043280799","42435.5463386472","45063.0598776792","46621.2776470184"
"M467.3138T579.5","467.313759872576","579.47216796875","1043.43961904988","539.920237344323","221.420683019301","891.002925150973","457.547183166657","136126.276152344","125474.958206017","138637.913126189","128045.139548137","135699.227921286"
"M475.1323T47.5","475.132339877344","47.4630012512207","0","0","0","191.961143600373","0","17543.3034395345","19310.1790255866","19833.3914592599","19923.6025957705","19059.0669601548"
"M475.3389T554","475.338905208446","553.993591308594","503.383047673003","794.280254231772","160.178928401866","309.878514225088","129.155825205186","202905.339066767","180787.270971386","192929.854021462","182549.691065319","200909.04226318"
"M478.2939T479.4","478.293857247997","479.379241943359","625.736769371267","670.229416384426","200.204384041218","0","863.200695932049","3129173.89552969","3062691.47663319","3000081.12252474","3062346.74625936","2965435.19274992"
"M480.3097T505.5","480.309692987717","505.464065551758","1494.62304487809","901.882124399187","129.058268086704","0","326.887803216749","2099331.71808814","2087011.49530587","2090442.99056739","2078243.80456877","2072491.96390095"
"M480.3436T507.3","480.343638317695","507.284088134766","445.210014664464","685.86939760925","556.170922916775","340.260568415332","173.081226484164","1905337.06319268","1910777.59135723","1821229.33037289","1896188.66231661","1819112.30338537"
"M481.181T617.1","481.18102506991","617.083984375","174.186501100659","1148.05414675549","2079.03065900505","5350.65541092384","3612.81281001478","13697.1525153383","16567.5459872542","14440.0983868138","14840.8714898817","17758.5253229292"
"M481.2545T617.1","481.254524266741","617.083984375","1119.78999370524","0","730.351651978183","1638.36006598746","554.311612135258","63474.7627286502","68033.0305650653","68976.5345133564","61014.717912428","64446.0443397784"
"M481.3125T505.5","481.312531668979","505.464050292969","456.344924230289","399.5454816763","194.157969976775","0","431.765729033484","514114.141467931","501695.725482637","495908.822818374","530171.533910906","511257.901956267"
"M482.2936T341.7","482.293608937012","341.677062988281","129.125762141753","0","0","0","303.144599350123","11832.1349687622","11769.5024728363","11421.3268460907","10466.6101501209","11200.0833443197"
"M490.2904T442.4","490.290374924064","442.37599999998","210.56381885221","180.981427349047","516.596913442223","0","0","445865.475056674","461574.238971782","430858.868205299","473695.018136718","469788.380432044"
"M492.3741T600.7","492.374088042509","600.704772949219","0","139.873181797564","0","349.014769012964","0","463605.517556658","462127.594592927","470103.262592632","459898.804499806","466335.449125318"
"M500.2751T479.4","500.27509376116","479.379241943359","0","0","0","0","0","309453.891344996","305795.21934466","298318.614472887","307845.019586713","307157.000033126"
"M501.266T586.1","501.265962344115","586.146423339844","177.980235484849","355.47408165021","167.056740818344","696.206777680041","0","131358.364701364","105976.199325941","111143.587627232","126994.227083705","127706.611582092"
"M502.3249T507.9","502.324867201142","507.890960693359","783.355619208887","0","0","375.728235263377","0","323667.270686646","335513.193106201","316182.126544614","337680.112403322","333350.4609189"
"M504.3089T497","504.30887215582","496.972015380859","155.335623283265","339.100826831743","392.980558293681","0","0","194120.265472488","205263.489612518","208214.957910028","228511.648836611","202457.01063933"
"M508.3213T487.9","508.321340344373","487.872009277344","256.463874910043","303.534062807457","0","0","169.692425792787","578845.820029276","586988.807650313","649988.676267812","600262.407240173","608694.300096276"
"M508.8216T487.3","508.821641053551","487.265502929688","0","0","276.622618607486","0","536.334322660106","396391.302149871","415010.447627594","436949.965270142","403526.672062954","415853.774512237"
"M511.2844T597.7","511.284409449389","597.672","4472.32566302487","2253.41545201327","4370.55420327756","6270.00468718606","6615.13988534541","69942.5889117182","67778.5337854975","60544.2364026859","58574.154728203","55317.4956408694"
"M511.3588T508.5","511.358792601137","508.497039794922","0","0","0","0","0","872064.042105509","862345.183879549","855784.82109637","859963.4271501","870200.448828177"
"M513.3547T554","513.354656623022","553.993591308594","225.130298779967","779.813551720847","342.007685298712","118.643538672125","377.382084794649","356742.540923292","356542.200738282","360811.488818191","347516.174530777","355418.552721094"
"M517.3092T456.9","517.309150117331","456.934356689453","4320.1600675872","1576.25421785904","3196.5418998413","2234.26731941292","525.139193974375","388814.897968714","393107.733261544","352632.817084535","356098.824626884","358392.352838553"
"M517.3861T604.3","517.386094383449","604.344848632812","438.436175622046","0","315.644058482176","450.356178824536","0","1638169.54700537","1637436.14371361","1057888.44263944","1071542.80235942","1045734.60690759"
"M517.3854T634.7","517.385400297714","634.675842285156","970.992729414828","822.175057051098","336.513355925493","0","1424.21997196341","280816.285696875","286160.074297191","295713.340573881","290748.85473543","307023.474972999"
"M518.3897T604.3","518.389650367673","604.34500000002","128.197911202639","843.301225240554","394.236669452942","627.744347144224","334.605389166453","506909.694737328","337827.221156741","342941.331174997","526997.781343217","515245.284610192"
"M521.2713T342.9","521.271301814279","342.889984130859","0","325.5835436875","0","0","0","25142.8908474862","24084.9452908777","21214.4465514698","28686.283216605","25294.4081165879"
"M522.2804T342.3","522.280351027959","342.284057617188","331.207616079265","473.359364146401","284.150639209294","330.151521520897","317.718789573639","11245.6398702165","16050.6050693749","13486.5369776064","15189.7798394599","17764.8703179019"
"M527.815T477.6","527.815049033378","477.559906005859","0","0","0","0","0","76110.5016223251","77261.5164456591","112828.48623318","81920.8640168699","83215.1753397481"
"M531.2198T411.4","531.219830407189","411.437408447266","154.306493255715","0","0","0","0","120090.350565967","120036.57336849","110878.361978075","119261.464526649","120019.952705629"
"M532.2801T456.9","532.280120543956","456.934356689453","0","139.730492182076","197.458538762577","1180.82757508721","219.677012617276","48558.5420102522","39789.9073773195","33743.3558972016","35881.3248747773","33080.4711073058"
"M534.336T500","534.335965293908","500.005004882812","160.840541293723","158.991086658196","0","338.923957315104","228.235028733203","397157.882749576","385790.101691772","393821.946682768","378309.456261956","381021.872796264"
"M535.2997T478.2","535.299654376787","478.166015625","0","0","0","0","0","307311.91502273","300091.406700263","291983.438469414","297105.239565195","293670.13729549"
"M535.3359T500","535.335917131105","500.005004882812","231.083143703174","139.547750749527","0","0","141.825451959243","100023.988224589","100990.71192017","116603.266171142","140216.358320508","93011.0576841819"
"M535.3965T597.1","535.396471846703","597.064575195312","581.923377968883","318.879860300798","156.065582398651","695.479053433205","0","308204.725074255","313751.664720781","323109.320714961","310852.389154702","313724.264705529"
"M535.8013T478.2","535.801298149586","478.165924072266","0","0","0","0","220.375826267469","139212.558091906","130373.470142126","138562.368689803","133401.783498493","132812.856779431"
"M536.2925T457.5","536.292461749319","457.54052734375","0","207.082713189069","212.655573315438","277.434884326468","0","201238.681826547","202943.351472469","201341.791701727","192655.806962469","194026.025499821"
"M536.853T531.5","536.852950084563","531.549011230469","247.655148698083","406.575120269709","0","0","0","253587.294520595","264628.764846048","287955.095889173","266211.120091881","269088.201840359"
"M537.4125T577","537.41251072653","577.046081542969","0","0","279.634931118872","0","0","152438.31023625","151832.635880928","155442.365829712","150241.477890065","153774.127314401"
"M539.3141T473.3","539.314104645417","473.313","221.115291683389","0","0","0","0","976584.3780743","996973.813654444","1059046.38749136","981222.821720182","940741.7928674"
"M540.823T491.5","540.822988670985","491.51200000002","195.081081800037","589.517392974319","481.635310590013","0","191.364929690403","69296.2708369819","66621.9089553136","72069.817277813","69957.5259924318","62245.902385547"
"M546.4208T604.9","546.420815067336","604.947143554688","0","0","195.692347409204","0","0","205903.587516881","208839.707483957","140993.793292681","135834.244647305","138226.771723494"
"M548.2431T457.5","548.243054100198","457.541015625","0","220.505532339428","0","0","0","69467.0164482989","69562.8103360385","59389.2887249679","60063.1896372774","58878.6274753957"
"M549.3737T514","549.373744161315","513.956970214844","545.706698572429","138.50031730721","0","330.16165329132","0","211987.615038676","234774.021012484","209873.409499418","236669.287441115","218184.733492438"
"M549.8174T499.4","549.817353461775","499.398071289062","133.663972821492","0","0","0","266.119902050123","538042.376008762","535880.32289215","491395.325091031","510078.018437926","493332.172860818"
"M551.4265T629.8","551.426485339521","629.822509765625","0","463.789126090465","0","669.840820683539","1069.67690740243","118786.8051825","135364.816393507","127987.520068411","128875.325331867","131788.655815934"
"M557.4554T584.9","557.455429958667","584.932434082031","677.994192615151","1487.40899781031","616.890003465648","968.772127130069","578.833021440156","174070.817323101","178386.901824227","175821.334332015","126365.832898282","95974.1003697185"
"M558.2051T442.4","558.205093061989","442.375213623047","0","0","153.705284411186","340.303404914836","241.233388028211","14348.7299732069","12899.3040909963","12530.3428930861","11796.6947317253","13584.6724191468"
"M559.2998T473.9","559.299757578551","473.92000000002","194.06580816338","669.785374761019","505.79721308167","0","0","474034.83757091","471343.822018324","467577.472248826","477869.107421429","481942.301061874"
"M562.3252T531.5","562.325245902451","531.549011230469","0","205.647013818172","0","246.857953686062","152.230824241706","482863.276161239","472594.054118717","410656.306092398","440753.641958699","475719.448350545"
"M568.2326T442.4","568.232561942694","442.37599999998","0","0","0","203.471960868522","0","69021.3645755312","66074.1893325502","59173.3439476444","62571.3112043151","59121.2418709576"
"M568.4271T630.4","568.427100806735","630.429809570312","300.504946396394","472.479029392082","176.979184194782","474.410131825523","899.230612127676","850674.649518779","874987.264254844","791228.822429831","835570.212372135","803468.357322522"
"M573.3738T509.1","573.373837216996","509.10400000002","140.09933879221","0","0","127.190294689669","404.447630326555","128148.247975738","135342.01377425","136626.103109464","133680.9986175","137242.334739991"
"M574.2599T472.7","574.259859221936","472.707","864.675147033663","0","158.720066622506","0","448.962647331937","254398.682653584","253632.178607079","266777.955380737","247093.017201599","242759.099592321"
"M574.4519T637.1","574.451861072198","637.101867675781","0","124.129895629303","0","136.590356347376","0","125150.687319907","130297.602905945","130728.879867793","130431.51947077","132133.083363281"
"M582.24T294.4","582.240001629216","294.361022949219","0","142.993202676209","0","517.923668049634","131.273882316354","18912.6136540785","20732.3081168158","26963.2435084561","19421.3408949174","19567.4552390086"
"M583.395T578.9","583.395036106419","578.8662109375","1647.81155245751","332.926107091983","316.915378947647","1504.2035831575","2012.37020245378","59746.585369638","107129.7184026","87383.6588195019","111229.4542112","93261.4325377172"
"M583.4549T577.7","583.454908025025","577.653137207031","0","0","151.632650943963","0","0","11883.5735449843","11221.0801853647","14808.4442187092","11096.8773945989","13301.7973159309"
"M585.411T595.2","585.411049381617","595.244506835938","894.79844402616","1146.85855673943","646.178204530291","742.247488467023","1648.30141008832","224489.840447765","197369.791873396","183227.458334231","216352.819403565","172522.613844448"
"M589.3857T557.6","589.385694593394","557.63299999998","186.168601505092","342.736255205303","0","302.229022017071","383.140894830227","53581.444774552","56745.2704466725","52725.3293427123","56584.0537150963","55753.214009191"
"M593.4711T561.3","593.471064169011","561.273","1982.91708181636","1194.68716813741","1803.23109882004","1698.78803907873","3294.7232031402","266716.838828341","288423.234530955","231194.38019511","220414.635170729","220750.770268992"
"M596.2642T490.3","596.264204229378","490.298889160156","355.117733670804","317.955353330694","0","0","0","299575.942846039","285660.414545362","302901.112745961","318591.472397605","302648.294942901"
"M596.4963T612.8","596.496339540132","612.837951660156","0","0","0","0","0","415113.523887545","394908.84083733","423274.786165927","391647.534086037","384900.013565332"
"M597.5029T594.6","597.502880973896","594.636993408203","39875.2863180633","41248.443638731","40471.7874215372","47973.1378995095","48247.2490435534","884159.998787204","883598.841489664","979355.75262645","950494.678636284","944439.213630447"
"M604.293T465.4","604.292996953272","465.427001953125","177.246235595931","0","0","0","232.211268331739","152867.299468097","161846.769573428","170048.753833118","160484.067806659","158906.75875383"
"M604.3546T472.7","604.354642677546","472.707","0","0","191.75362286141","0","157.985235325876","153191.579475403","153643.170826538","165452.089278077","151313.546359969","161308.397269795"
"M614.2678T523.7","614.26778564374","523.662963867188","0","0","134.565542263965","155.937401212478","0","44774.7536545388","43264.700921959","43564.8827377905","53359.6891739813","48245.0496084226"
"M615.3878T629.2","615.387809889106","629.216491699219","0","223.245525896549","0","179.522287480533","242.380748713819","107740.096669713","103713.282757618","101743.176064105","111148.930212205","100272.069388572"
"M622.2793T499.4","622.279250438193","499.398071289062","0","183.107139127329","130.047366411258","0","0","230980.199532294","224549.608273259","219874.776741161","221718.874385129","216699.434456582"
"M624.2953T531.5","624.29534816147","531.549011230469","125.611695912143","0","0","0","0","556383.663833237","538957.507768079","546540.512250641","558124.821984713","548861.323401668"
"M629.4011T641.3","629.401114456168","641.349","555.039153142832","664.723916620016","260.685679761918","506.970791116822","286.409562747602","72619.0868959754","74370.4146321693","76734.7855505949","65796.9252001843","74392.2277825713"
"M634.4515T456.9","634.451515254745","456.934509277344","5800.86642578375","6290.82122900176","5531.65396545914","5379.15404693909","6667.04913111672","22632.8059426772","24095.9586596612","31860.8064199005","30603.8635634008","32442.5145085851"
"M643.5275T768.7","643.5275214535","768.739471435547","41578.864981681","40829.5762268102","38573.118972731","19909.896087442","11791.0688115398","1075081.48218017","1022139.44220982","1058060.67241377","1038590.76846181","986876.137672907"
"M649.333T327.1","649.332961258212","327.118011474609","0","0","0","0","192.685430040259","44282.1345395883","46187.5809036164","38869.5421533695","45035.8372230912","43912.0657503674"
"M651.3703T345.9","651.370275491747","345.923004150391","0","138.129316662278","0","0","0","31849.9507740532","29734.9889145446","27774.9190960398","27084.6988499527","31084.4632895032"
"M678.5072T652.3","678.507173679248","652.26799999998","0","0","0","0","0","119944.670155665","122570.689329044","125532.023016542","124434.974583416","124460.423883986"
"M683.4329T453.3","683.432886026553","453.295013427734","12300.7708465116","14170.0442225921","12926.9298844841","11316.5572079187","11150.8476615078","37334.0430614958","32297.9722822013","51352.0335828379","57365.3537981665","54528.7772234928"
"M707.5852T676.5","707.585229659481","676.531982421875","0","0","0","0","0","53929.2197474405","53797.5802468737","56286.5408441977","54331.6260525894","51617.4816825979"
"M720.5541T691.1","720.554065081548","691.090515136719","0","0","391.325290203094","551.749927360649","0","69855.4557131069","66476.9568743926","67956.4774777439","75898.1191903046","66039.5427057311"
"M728.5584T737.8","728.558407989875","737.802368164062","0","145.100504652812","0","323.559304270251","0","165618.848117283","175206.247635827","167547.417908864","168074.116406323","166186.046877332"
"M745.5569T683.8","745.556874003685","683.81201171875","0","165.446805345324","0","0","182.796519972682","469321.639497878","451086.923315476","451941.067417584","443172.295798932","435571.074554839"
"M748.5271T713.5","748.527071884822","713.536743164062","1560.02550906216","783.677959105961","253.48468041408","649.005003395123","137.626089743395","141794.057190083","140834.993053778","139982.67195733","144290.296123729","154408.522085205"
"M749.531T713.5","749.531007359198","713.5361328125","1158.14533315785","730.472641795874","165.00035453029","181.58572623398","134.002358239745","68458.5596623405","67547.0162584249","67943.4635419833","65452.298224439","56923.466423055"
"M752.0463T677.7","752.04631567502","677.746016357432","0","0","123.494185338194","0","0","265832.142653996","261386.953958839","248912.258544626","268337.26472115","263419.295675658"
"M753.524T669.9","753.524048399315","669.859985351562","0","0","144.080542899817","164.311194271781","462.114897742867","701334.91994028","684976.965544763","686218.128210359","683239.255968674","718636.337196678"
"M754.5696T739","754.569558489151","739.015380859375","1794.60525636386","1081.60441762062","730.335379274562","963.076884804294","937.684340915953","159446.970439097","159938.138978094","161835.044385537","160931.114577413","154990.729710243"
"M755.4841T647.4","755.484054933696","647.415","105.44262138153","249.283512713811","139.451439249196","181.354475442941","0","30864.8929675707","27616.2084386785","26792.8357245119","30963.1401750089","27400.4235228517"
"M756.5868T718.4","756.586849445944","718.39099999998","496.248978294178","181.438791156535","0","183.919433957535","148.997487399753","43948.8337978365","46455.1237192386","45769.6913536279","42185.160451208","40925.6772008626"
"M760.6383T731.7","760.638282871298","731.735290527344","157.249458429543","0","993.780322198821","348.56049003115","485.787773070895","828085.564737299","782492.815066813","779500.101970819","789636.948370309","760339.035912739"
"M764.5251T700.8","764.5251174338","700.797058105469","225.476243452592","234.644586801021","392.966720020243","710.954917063393","779.698098144106","73903.6927139556","80018.1048766117","72498.2089915759","75459.4952798673","132141.355459501"
"M766.4847T478.8","766.48470625639","478.773010253906","0","0","0","210.425352609051","177.503728425479","68116.1970292756","60048.1154470374","48249.1112987378","55646.6656838781","54521.2407122366"
"M766.4898T487.3","766.489775036005","487.265014648438","136.567264841142","223.353932068091","0","0","173.05907827126","227688.213958941","264164.627234879","248826.386469027","275039.952195883","263028.454964581"
"M766.5363T684.4","766.536328710461","684.418212890625","150.105214774038","252.900473781863","0","532.581688661497","379.648636752521","520526.07725234","515773.818786181","442624.566990056","440010.185984391","439726.4721846"
"M767.5416T683.8","767.541622635246","683.811157226562","0","149.10794116224","720.228487629833","423.989775387298","786.876911607524","287680.515833227","324675.316052685","311491.723517786","321895.890038062","313871.117313475"
"M769.4706T486.1","769.470645301504","486.052001953125","0","0","0","0","0","22455.2698282277","21460.7050280593","21867.9499425868","17627.8032389743","25315.0908903244"
"M769.4933T491.5","769.49329707063","491.511996704112","0","145.224072528375","0","0","0","59172.9591972656","61885.1479910886","65731.2900669992","59285.9003373709","62906.0644131326"
"M769.5554T683.8","769.555435895784","683.812133789062","0","529.056528121233","173.853822648525","179.559210240841","0","239741.004728229","247581.22853672","237034.763598217","246171.856058574","235108.861003063"
"M772.6205T734.8","772.620488391305","734.769","202.225179720744","0","0","0","0","519220.074196381","509219.178368866","484473.285063456","504918.716517892","491359.61010294"
"M773.6254T734.8","773.625441130315","734.769226074219","157.078072906494","172.988778442382","152.759785863876","0","0","183711.632905478","182424.140122212","176998.805835326","192363.517769321","186499.66394992"
"M773.6515T743.9","773.65153215091","743.868835449219","174.151540784455","375.247217333224","193.513375000001","0","333.899502502443","368521.078258974","366054.195931762","346073.15731303","357681.069603355","346489.673582399"
"M774.5631T616.5","774.563115203602","616.476989746094","300.589649298464","1017.59103387228","586.461800204882","624.258711720218","1100.14714707275","137771.869146399","138584.775931926","144693.489172557","144757.990026576","142074.790207869"
"M774.6545T743.9","774.654481764218","743.868469238281","161.159694006687","183.426775272618","0","369.459360740164","0","173142.576188107","163932.480523981","149888.812225902","169145.63029948","145489.674884766"
"M777.5612T735.4","777.561194860073","735.375305175781","1454.48791997529","0","834.990875743558","0","571.884033389279","97538.0143752094","96913.6447408636","91942.2506792251","94582.755825855","90693.9575898335"
"M778.5732T739.6","778.573240052344","739.621398925781","1912.85471532014","1425.17649777122","1364.3829076747","1038.09067189248","1175.19579047086","122075.982063486","118966.148577017","120770.53718523","121023.636127218","159442.934840988"
"M779.566T704.4","779.566040304469","704.437561035156","0","0","0","221.280163757503","196.163792565465","11426.9970960924","12102.6258096678","11106.999361633","13599.171007476","9503.04054704577"
"M779.9849T477.6","779.984889456118","477.559906005859","152.732490937006","0","0","338.42705897461","397.071282391727","67409.7717050478","64030.9079360962","62365.1731265163","69740.1181006999","55498.6465260313"
"M783.0697T712.9","783.069653600483","712.930541992188","0","0","0","0","0","614664.590607037","592636.783870252","602206.771588271","611478.350920314","763853.37668031"
"M790.5409T726.3","790.540883967235","726.276123046875","369.939362461646","0","676.098005129577","271.96593116984","675.03860829381","146483.139418519","146409.92310547","146145.728674593","145875.366236977","154319.052440037"
"M792.4872T473.3","792.487166181751","473.313","0","0","0","0","177.451092130302","285756.003564298","283809.600403916","296908.074012524","288694.293415668","263701.500475191"
"M792.5509T688.7","792.550860562943","688.665222167969","575.947250067973","0","623.028083150347","0","158.255661917213","674086.179140134","675183.180083145","667468.230447984","664701.602193425","679016.971711503"
"M793.5581T691.7","793.558116380397","691.698","848.357034965126","1523.43335352742","464.633923801593","704.416171854334","1224.06940768982","651924.279858995","654721.96615489","672718.756153226","478727.574647995","668663.741222203"
"M795.4663T477.6","795.46626643008","477.559906005859","0","0","0","0","0","76183.2080602501","78113.7334698042","72894.5872056002","76432.7765604774","74762.8003427911"
"M795.6087T717.2","795.608695252676","717.176879882812","642.208040225309","205.639565025981","321.781478756185","224.459385041795","492.498171388848","1386795.66178571","1384790.40027745","1352157.97550626","1360326.6400811","1342193.88637048"
"M795.9728T490.9","795.972770408777","490.905","0","0","141.65478620373","308.484021330942","0","85883.8537913823","81805.004455346","86144.8360421088","85671.5114393499","77969.6188091506"
"M796.0105T500","796.010507935189","500.005004882812","0","0","0","0","168.63299631682","121274.301649256","118927.589790863","119265.326500699","114689.850538218","109365.657383952"
"M796.6206T736","796.62061361924","735.982299804688","4139.25948671631","1678.84002512482","2332.05253950758","1913.33575341454","1928.0073016542","1798553.97444911","1775784.22320855","1772052.70910772","1793253.21150761","1770742.35861712"
"M797.531T697.2","797.530985759594","697.156799316406","273.162105081396","285.585684700766","242.500634915195","0","0","83773.6534827016","99952.5197676364","94483.7424856503","93844.8125647269","93791.0596073196"
"M798.0936T722","798.093642900538","722.029235839844","0","149.696689595962","0","0","0","577222.159929703","562916.778178486","586834.645268408","568603.552923955","550413.698021361"
"M798.5608T665.6","798.560801306308","665.614807128906","286.371650230407","111.93743315506","375.281079620361","0","236.682656485421","157526.969967874","153601.154643941","172805.292587987","154153.725696166","151957.03725361"
"M798.6279T736.6","798.62790649204","736.58899999998","331.83747423166","1280.7852663002","500.833017559585","363.219878427359","125.783316609353","425337.999849995","366786.889692682","332540.098014302","432281.530501809","324100.480050888"
"M800.6128T733.6","800.612814567582","733.55599999998","233.861574172974","0","0","144.439760106336","133.082560909074","191314.000467981","196594.4990191","204103.503576157","193280.900527739","199838.483829786"
"M802.4894T473.3","802.489391659389","473.312835693359","0","0","0","0","0","167094.913898142","165466.327340187","161206.880186064","164743.341295359","171168.429634717"
"M804.6292T743.9","804.629178755151","743.868835449219","142.672417333595","0","358.724834366702","359.366839568876","635.352277262136","42276.6512154745","39418.1537129423","40805.1036412016","34433.4686193336","40883.0764965235"
"M806.9659T473.3","806.965902520041","473.313018798828","237.216501794656","0","160.989490946413","175.386973598089","0","473622.112824995","483183.077015211","440894.174267684","457414.614124267","443719.545517999"
"M807.0692T705.7","807.069186701684","705.650177001953","0","0","0","0","152.067080122831","566661.051337289","261202.486289637","542204.52416792","552596.309570519","552737.428207229"
"M809.6511T753.6","809.651078336108","753.575073242188","311.857952667014","229.251113147468","340.887931449824","561.752695669788","316.847661816218","1325166.04139911","1331287.57231485","1622599.04114967","1271476.58480247","1267357.18288114"
"M813.0131T531.5","813.013119217864","531.549011230469","0","0","0","122.04637041107","0","552018.204953249","536493.618087864","529535.553634303","530357.618928789","539920.661570023"
"M813.6207T730.5","813.62065750302","730.521301269531","241.463064821896","219.731683005672","0","349.594514195624","372.327402793593","3386804.36286484","3099990.96928588","3059051.14603051","3068894.71801731","3087390.70758466"
"M813.9872T473.9","813.98715236332","473.92000000002","187.93552269316","0","0","0","0","77417.2087448727","81678.8467222775","75943.8616973072","76658.4961062654","78831.3520590234"
"M814.6327T742.7","814.632726037061","742.655106201162","255.748568824548","0","148.9159420126","290.337668498942","0","457409.430852383","466043.582570726","461721.562427223","464139.148253325","446438.332871298"
"M816.5508T689.3","816.550828659354","689.271423339844","134.62416886058","252.525342294347","275.294436268319","0","0","289800.814442339","294435.834431567","251058.06650589","302418.100688662","300152.579630305"
"M816.5888T733.6","816.58878465295","733.555297851562","0","248.481119791667","0","0","0","425962.550599224","419108.988110473","418857.485527525","436540.849293166","430991.406754817"
"M818.9647T473.9","818.964724266105","473.919860839844","0","0","220.88129142865","0","0","240847.292701976","236143.326847272","224437.464691934","233748.54339091","233940.318626624"
"M821.0851T723.2","821.085080739082","723.2421875","196.57292822133","0","0","0","0","456162.082016329","460996.565356356","467741.343178723","441173.387272336","454964.347511718"
"M822.0918T725.1","822.091848642045","725.063232421875","0","0","0","0","153.628405219201","413554.913083366","405099.079041235","418119.450332026","411853.680693667","410156.785061234"
"M822.5306T688.1","822.530572673956","688.057983398438","305.049268451862","0","392.626540660443","448.960084379073","306.208713128034","165164.872506065","150557.948518679","148556.028373868","156255.951024224","152822.354336056"
"M822.5986T726.3","822.598622771978","726.276184082031","199.821632133089","0","247.618197015448","226.832649921313","152.730540853544","284694.19375651","322355.239801486","286545.943366241","304760.871459326","321080.587048415"
"M823.6244T734.2","823.624379304748","734.162231445312","0","0","398.227771919753","470.55024497211","173.19646181379","102730.85610444","101284.074204274","103589.864348198","113512.437177716","102287.37221354"
"M830.9646T474.5","830.964605577592","474.526275634766","0","174.851533724368","0","0","0","98958.7859151546","99268.2215505617","89848.3728021241","90079.3206070617","101545.262574907"
"M833.085T721.4","833.085022577794","721.42399999998","0","0","0","170.199814847831","0","166045.268855952","166072.687082398","185067.964018968","169190.439656202","163465.309237584"
"M835.6037T717.2","835.603694698179","717.176879882812","231.949335589504","551.014255302739","432.365119321045","931.776250384491","202.886839792474","735131.373252597","726361.139661816","731821.435572653","731784.81150527","716515.385369967"
"M845.5935T725.7","845.593504915262","725.67","0","0","0","143.347483910669","0","38124.81364926","44895.2327655036","46679.6087743858","54381.1611885287","39863.3245525061"
"M850.5557T714.1","850.555690035388","714.143493652344","2968.6357333961","1398.61956616591","208.484846594069","297.881596030848","498.501932222576","94535.8914234342","91863.223474772","94762.9417934663","78602.0006014097","104819.218994223"
"M859.6102T373.2","859.610241929707","373.221008300781","0","0","312.46107247476","0","0","26075.7254622786","25418.8180811751","23998.0468379002","23971.2888166602","25646.9829065563"
"M863.565T731.7","863.565036680714","731.736450195312","362.588325547054","0","0","301.869640137581","0","65645.333473425","73316.544875406","74123.7335793461","74780.6008834694","73479.4917709076"
"M874.5525T706.3","874.552533847727","706.257385253906","769.711208066344","1178.06682445556","514.697376433015","1042.01531691849","1414.35118251946","66397.1767562512","71758.7575419872","74576.3217562975","67171.9999448979","69036.2110716871"
"M884.6062T675.9","884.606190135165","675.92599999998","516.618235482968","152.385174432476","181.426531510362","0","489.116566598233","82265.2951178099","84783.423856201","79097.3905847168","59122.5812080859","85295.1347091842"
"M887.5644T732.3","887.564366820555","732.343444824219","869.360167959012","149.402056668787","159.59664775184","736.412496883488","332.002281618201","218108.126111321","234661.786156512","215945.639836081","232058.845110659","225224.87387256"
"M888.5659T732.9","888.565940772254","732.949340820312","0","364.130970063863","199.079953163869","426.128445334997","0","139482.345535126","128298.307317818","123787.860255146","135520.07305823","126654.977207233"
"M896.5381T690.5","896.538079946569","690.485290527344","744.828936200473","295.78822846699","0","0","375.195592255766","43588.4033717958","63485.5445766238","43524.1591916745","41917.8278710332","40075.130112341"
"M904.5876T732.3","904.587597716445","732.342163085938","193.055534165486","0","395.591566982982","507.12900669613","422.396646686965","69674.4600112566","76181.770145893","70472.6962962888","70695.8273520911","68243.0760611977"
"M910.5494T732.3","910.549370343885","732.34300000002","775.857158664717","471.741286416642","0","530.267387590837","499.721296453848","255881.527775769","242781.731586476","251281.983176366","255004.849850176","253003.669194181"
"M912.5687T743.9","912.568746283946","743.86900000002","0","0","0","194.606402079974","144.687708515142","46729.5767600982","38209.6426736794","32775.5275483272","58479.7056145885","49081.0196835252"
"M928.6817T721.4","928.68170553577","721.42333984375","224.629817082332","298.931036879882","449.383543210176","0","178.670048940062","36963.5019638999","30251.8091653944","32589.9363906695","34855.2494948065","31723.2716859281"
"M987.6389T456.3","987.638863873809","456.328002929688","0","0","168.560292874881","0","182.760169529673","17743.2433782665","18403.7314985355","14653.7140373214","15839.4959775261","17055.6227512588"
